team_name,date,scored,xG,match_performance
Everton,2023-09-30 14:00:00,1,3.65377,-2.65377
Sheffield United,2023-12-26 15:00:00,2,3.61788,-1.61788
Everton,2024-03-02 15:00:00,1,3.12075,-2.12075
Liverpool,2024-04-14 13:00:00,0,3.04497,-3.04497
Fulham,2024-03-09 15:00:00,1,2.94155,-1.9415499999999999
Luton,2024-03-13 19:30:00,3,2.79419,0.20581000000000005
Newcastle United,2023-12-26 12:30:00,1,2.79106,-1.7910599999999999
Arsenal,2023-12-28 20:15:00,0,2.7884,-2.7884
Wolverhampton Wanderers,2023-08-19 14:00:00,1,2.68821,-1.6882100000000002
Aston Villa,2024-02-11 16:30:00,1,2.64675,-1.64675
Luton,2023-12-30 12:30:00,2,2.64093,-0.64093
Bournemouth,2024-02-10 15:00:00,1,2.60612,-1.6061200000000002
Tottenham,2024-04-28 13:00:00,2,2.60458,-0.6045799999999999
Brentford,2023-12-27 19:30:00,1,2.59347,-1.59347
Everton,2023-08-12 14:00:00,0,2.59001,-2.59001
Everton,2023-11-26 16:30:00,0,2.49764,-2.49764
Sheffield United,2024-05-04 14:00:00,1,2.48986,-1.4898600000000002
Manchester United,2023-08-19 16:30:00,0,2.44604,-2.44604
Nottingham Forest,2024-05-11 16:30:00,2,2.44569,-0.4456899999999999
Luton,2024-03-02 17:30:00,2,2.43312,-0.43312000000000017
Chelsea,2024-02-04 14:00:00,2,2.35967,-0.35966999999999993
Chelsea,2023-12-06 20:15:00,1,2.3512,-1.3512
Chelsea,2023-09-02 14:00:00,0,2.28442,-2.28442
Newcastle United,2024-05-15 19:00:00,2,2.27657,-0.27657
Wolverhampton Wanderers,2024-02-01 20:15:00,3,2.27609,0.72391
Nottingham Forest,2024-02-24 15:00:00,2,2.25569,-0.25569
Nottingham Forest,2023-11-25 15:00:00,2,2.22655,-0.22655000000000003
Tottenham,2023-11-26 14:00:00,1,2.22542,-1.2254200000000002
Nottingham Forest,2024-04-28 15:30:00,0,2.17312,-2.17312
Tottenham,2024-03-16 17:30:00,0,2.14564,-2.14564
Tottenham,2023-12-28 19:30:00,2,2.06955,-0.06955
Luton,2024-05-19 15:00:00,2,2.06743,-0.06742999999999988
Bournemouth,2024-04-21 14:00:00,1,2.05211,-1.0521099999999999
Luton,2023-09-01 19:00:00,1,2.02244,-1.02244
Bournemouth,2024-05-19 15:00:00,1,2.002,-1.0019999999999998
Nottingham Forest,2024-04-07 19:00:00,1,2.00122,-1.00122
Everton,2023-12-23 15:00:00,1,1.98385,-0.9838499999999999
Sheffield United,2024-04-20 14:00:00,1,1.97816,-0.9781599999999999
Brighton,2024-05-19 15:00:00,0,1.9717,-1.9717
Manchester United,2024-02-24 15:00:00,1,1.96036,-0.9603600000000001
Everton,2023-08-26 14:00:00,0,1.89792,-1.89792
Crystal Palace,2023-11-11 15:00:00,2,1.89194,0.10806000000000004
Arsenal,2024-04-14 15:30:00,0,1.89003,-1.89003
Luton,2023-08-12 14:00:00,1,1.88594,-0.88594
Liverpool,2024-04-24 19:00:00,0,1.87155,-1.87155
Tottenham,2024-05-14 19:00:00,0,1.84285,-1.84285
Aston Villa,2023-12-26 20:00:00,2,1.83637,0.16362999999999994
Crystal Palace,2023-11-25 15:00:00,1,1.83546,-0.8354600000000001
Sheffield United,2024-04-27 14:00:00,1,1.82408,-0.8240799999999999
Everton,2024-03-09 12:30:00,0,1.8214,-1.8214
Crystal Palace,2023-12-09 12:30:00,1,1.79152,-0.79152
Wolverhampton Wanderers,2024-04-06 14:00:00,1,1.78341,-0.7834099999999999
Luton,2024-02-10 15:00:00,1,1.76215,-0.7621500000000001
West Ham,2023-11-04 15:00:00,2,1.75505,0.24495
Chelsea,2023-12-24 13:00:00,1,1.75447,-0.75447
Brighton,2023-09-30 11:30:00,1,1.72819,-0.7281899999999999
Wolverhampton Wanderers,2023-08-14 19:00:00,0,1.72228,-1.72228
Chelsea,2023-10-28 11:30:00,0,1.71801,-1.71801
Arsenal,2023-12-09 17:30:00,0,1.71667,-1.71667
Nottingham Forest,2023-12-15 20:00:00,0,1.70569,-1.70569
Brentford,2024-05-19 15:00:00,2,1.70157,0.29843
Brentford,2024-02-17 12:30:00,1,1.69518,-0.6951799999999999
Burnley,2023-09-02 14:00:00,2,1.66604,0.33396000000000003
Brentford,2023-11-25 17:30:00,0,1.66315,-1.66315
Wolverhampton Wanderers,2024-03-30 17:30:00,0,1.66232,-1.66232
Arsenal,2023-12-31 14:00:00,1,1.6591,-0.6591
Newcastle United,2023-08-27 15:30:00,1,1.62037,-0.6203700000000001
Newcastle United,2023-12-10 16:30:00,1,1.61368,-0.61368
Tottenham,2023-12-07 20:15:00,1,1.61268,-0.6126799999999999
Chelsea,2023-08-20 15:30:00,1,1.60916,-0.6091599999999999
Burnley,2024-03-03 13:00:00,0,1.60461,-1.60461
Chelsea,2024-04-23 19:00:00,0,1.60343,-1.60343
Tottenham,2024-02-17 15:00:00,1,1.59768,-0.59768
Brentford,2024-01-31 19:30:00,2,1.59637,0.40362999999999993
Bournemouth,2023-09-24 13:00:00,1,1.58984,-0.5898399999999999
Bournemouth,2023-12-31 14:00:00,1,1.58229,-0.58229
Wolverhampton Wanderers,2023-11-27 20:00:00,2,1.57875,0.4212499999999999
Brentford,2023-09-23 16:30:00,1,1.57402,-0.57402
Luton,2024-02-18 16:30:00,1,1.57234,-0.5723400000000001
Manchester United,2024-04-04 19:15:00,3,1.56686,1.43314
Manchester United,2023-09-30 14:00:00,0,1.55408,-1.55408
West Ham,2023-09-24 13:00:00,1,1.53878,-0.53878
Luton,2023-10-03 18:30:00,1,1.53058,-0.53058
Sheffield United,2024-02-03 17:30:00,0,1.52784,-1.52784
Fulham,2023-12-03 14:00:00,3,1.51005,1.48995
Burnley,2023-11-04 15:00:00,0,1.4998,-1.4998
Crystal Palace,2024-04-06 11:30:00,2,1.49472,0.50528
Brighton,2024-02-10 15:00:00,1,1.49285,-0.49285
Burnley,2024-01-31 19:30:00,1,1.49114,-0.4911399999999999
Aston Villa,2023-08-12 16:30:00,1,1.486,-0.486
Fulham,2023-09-02 14:00:00,1,1.46427,-0.46426999999999996
Luton,2023-09-16 14:00:00,0,1.45705,-1.45705
West Ham,2024-04-14 13:00:00,0,1.45307,-1.45307
Brentford,2023-11-12 14:00:00,0,1.44954,-1.44954
Aston Villa,2024-01-30 20:15:00,1,1.44485,-0.44484999999999997
Burnley,2023-11-25 15:00:00,1,1.44228,-0.44228
Nottingham Forest,2023-11-12 14:00:00,2,1.42128,0.5787199999999999
Fulham,2024-02-17 15:00:00,1,1.41796,-0.4179600000000001
Newcastle United,2023-12-23 15:00:00,0,1.41488,-1.41488
Sheffield United,2023-10-21 19:00:00,1,1.41074,-0.4107400000000001
Bournemouth,2023-08-19 14:00:00,1,1.3867,-0.38670000000000004
Fulham,2023-12-23 15:00:00,0,1.38096,-1.38096
Brighton,2023-08-26 16:30:00,1,1.3743,-0.3743000000000001
Brighton,2024-04-28 13:00:00,0,1.35682,-1.35682
West Ham,2024-04-21 14:00:00,2,1.34536,0.6546400000000001
Brentford,2024-02-26 20:00:00,2,1.33683,0.66317
Aston Villa,2023-11-05 14:00:00,0,1.33116,-1.33116
Brighton,2024-05-15 18:45:00,1,1.32423,-0.32423
Newcastle United,2023-12-07 19:30:00,0,1.29564,-1.29564
Brentford,2023-12-30 15:00:00,1,1.28731,-0.28730999999999995
Burnley,2024-05-04 14:00:00,1,1.28632,-0.2863199999999999
Tottenham,2024-05-02 18:30:00,0,1.27064,-1.27064
Crystal Palace,2023-12-06 19:30:00,0,1.26441,-1.26441
Brentford,2024-03-16 15:00:00,1,1.25123,-0.25123000000000006
Newcastle United,2024-01-13 17:30:00,2,1.23638,0.76362
Everton,2023-12-27 20:15:00,1,1.23529,-0.23529
Aston Villa,2024-03-10 13:00:00,0,1.23267,-1.23267
Nottingham Forest,2024-01-20 17:30:00,2,1.22251,0.77749
Brentford,2023-12-06 19:30:00,1,1.22007,-0.22007
Everton,2024-04-15 19:00:00,0,1.21791,-1.21791
Sheffield United,2024-04-24 19:00:00,2,1.20517,0.7948299999999999
Chelsea,2023-09-24 13:00:00,0,1.19716,-1.19716
Nottingham Forest,2024-04-21 12:30:00,0,1.18916,-1.18916
Aston Villa,2024-04-03 19:15:00,1,1.18643,-0.1864300000000001
Fulham,2023-11-04 12:30:00,0,1.18241,-1.18241
West Ham,2024-02-04 14:00:00,0,1.1807,-1.1807
Tottenham,2024-05-05 15:30:00,2,1.17205,0.82795
Wolverhampton Wanderers,2024-05-11 14:00:00,1,1.1561,-0.1560999999999999
Brighton,2024-03-02 15:00:00,0,1.15198,-1.15198
Wolverhampton Wanderers,2023-11-04 15:00:00,1,1.14803,-0.1480300000000001
Wolverhampton Wanderers,2023-09-03 13:00:00,2,1.13911,0.8608899999999999
Liverpool,2023-09-30 16:30:00,1,1.12299,-0.12298999999999993
Burnley,2023-12-30 15:00:00,2,1.11923,0.88077
Crystal Palace,2023-09-16 14:00:00,1,1.11696,-0.11695999999999995
Manchester United,2023-12-09 15:00:00,0,1.11296,-1.11296
Burnley,2024-02-10 15:00:00,1,1.11123,-0.11122999999999994
Crystal Palace,2023-10-21 14:00:00,0,1.08795,-1.08795
Burnley,2024-05-19 15:00:00,1,1.08222,-0.08221999999999996
Wolverhampton Wanderers,2023-12-02 15:00:00,1,1.07886,-0.07885999999999993
Bournemouth,2024-05-11 14:00:00,1,1.07237,-0.07237000000000005
Crystal Palace,2023-08-21 19:00:00,0,1.06916,-1.06916
Wolverhampton Wanderers,2024-02-10 15:00:00,0,1.05781,-1.05781
Fulham,2024-04-02 18:30:00,1,1.04304,-0.04303999999999997
Brentford,2023-10-07 14:00:00,1,1.02509,-0.025090000000000057
Bournemouth,2023-10-21 14:00:00,1,1.01839,-0.018389999999999906
Brighton,2024-01-30 19:45:00,0,1.01366,-1.01366
Manchester City,2023-12-06 20:15:00,0,1.00198,-1.00198
West Ham,2024-03-30 12:30:00,3,0.994584,2.005416
West Ham,2023-12-10 14:00:00,0,0.983,-0.983
Bournemouth,2023-10-07 14:00:00,0,0.981732,-0.981732
Manchester City,2023-09-30 14:00:00,1,0.98075,0.01924999999999999
Burnley,2023-12-26 17:30:00,0,0.972389,-0.972389
Nottingham Forest,2024-03-02 15:00:00,0,0.971466,-0.971466
Nottingham Forest,2024-02-10 17:30:00,2,0.968075,1.031925
Chelsea,2023-11-25 15:00:00,1,0.968061,0.03193900000000005
Nottingham Forest,2023-08-12 11:30:00,1,0.966305,0.03369500000000003
Manchester United,2023-09-03 15:30:00,1,0.966109,0.033891000000000004
Brighton,2023-10-21 14:00:00,1,0.963733,0.03626700000000005
Nottingham Forest,2023-08-26 14:00:00,2,0.960354,1.0396459999999998
Tottenham,2023-11-06 20:00:00,1,0.959108,0.04089200000000004
Crystal Palace,2023-12-27 19:30:00,1,0.958077,0.041923000000000044
Burnley,2023-10-07 14:00:00,1,0.956642,0.04335800000000001
Luton,2024-02-21 15:00:00,1,0.956512,0.04348799999999997
Brentford,2024-04-27 16:30:00,0,0.956356,-0.956356
Burnley,2024-05-11 14:00:00,1,0.950331,0.04966899999999996
Burnley,2023-09-23 19:00:00,0,0.935444,-0.935444
Everton,2024-03-30 15:00:00,1,0.93378,0.06621999999999995
Bournemouth,2024-02-24 17:30:00,0,0.925889,-0.925889
Sheffield United,2023-09-30 14:00:00,0,0.911997,-0.911997
Newcastle United,2024-01-01 19:00:00,2,0.910974,1.089026
Newcastle United,2023-09-02 16:30:00,1,0.90476,0.09523999999999999
Luton,2024-04-27 14:00:00,1,0.90435,0.09565000000000001
Burnley,2023-10-28 14:00:00,1,0.90255,0.09745000000000004
West Ham,2023-09-16 14:00:00,1,0.895632,0.10436800000000002
West Ham,2024-05-05 13:00:00,0,0.893899,-0.893899
Fulham,2023-10-02 19:00:00,0,0.889383,-0.889383
Chelsea,2023-12-10 14:00:00,0,0.885512,-0.885512
Brentford,2024-02-05 20:00:00,1,0.865741,0.13425900000000002
Manchester City,2023-10-08 15:30:00,0,0.858071,-0.858071
Brighton,2023-12-03 14:00:00,2,0.855058,1.144942
Luton,2023-10-07 11:30:00,0,0.848118,-0.848118
Fulham,2024-04-21 15:30:00,1,0.83885,0.16115000000000002
Bournemouth,2024-01-21 16:30:00,0,0.834585,-0.834585
Fulham,2024-04-06 14:00:00,0,0.834564,-0.834564
Sheffield United,2024-04-13 14:00:00,0,0.834498,-0.834498
Sheffield United,2023-12-06 19:30:00,0,0.834172,-0.834172
Sheffield United,2023-11-25 15:00:00,1,0.816227,0.18377299999999996
Burnley,2023-12-16 17:30:00,0,0.811435,-0.811435
Luton,2024-04-13 14:00:00,1,0.809775,0.19022499999999998
Burnley,2023-09-30 14:00:00,0,0.801849,-0.801849
Brentford,2023-12-17 14:00:00,1,0.796812,0.20318800000000004
Nottingham Forest,2023-12-23 15:00:00,2,0.791806,1.208194
Sheffield United,2023-09-16 14:00:00,1,0.790655,0.209345
Burnley,2023-12-05 19:30:00,0,0.781542,-0.781542
Sheffield United,2024-01-30 20:00:00,2,0.768467,1.231533
Sheffield United,2023-08-27 13:00:00,1,0.762232,0.23776799999999998
Fulham,2023-10-23 19:00:00,0,0.745838,-0.745838
Tottenham,2024-04-13 11:30:00,0,0.737596,-0.737596
Brentford,2024-03-09 17:30:00,1,0.733239,0.266761
Wolverhampton Wanderers,2024-05-19 15:00:00,0,0.731254,-0.731254
Manchester United,2023-12-23 12:30:00,0,0.730496,-0.730496
Nottingham Forest,2023-09-23 14:00:00,0,0.729109,-0.729109
Everton,2023-08-20 13:00:00,0,0.721465,-0.721465
Sheffield United,2024-04-04 18:30:00,1,0.720948,0.27905199999999997
Manchester United,2023-09-16 14:00:00,1,0.719951,0.280049
Crystal Palace,2024-02-12 20:00:00,1,0.719516,0.28048399999999996
Manchester United,2023-10-29 15:30:00,0,0.714628,-0.714628
Fulham,2024-01-13 12:30:00,0,0.697847,-0.697847
Sheffield United,2024-05-19 15:00:00,0,0.697312,-0.697312
Burnley,2023-10-21 14:00:00,0,0.693129,-0.693129
Luton,2023-12-10 14:00:00,1,0.689037,0.310963
Nottingham Forest,2024-03-10 14:00:00,0,0.687034,-0.687034
Nottingham Forest,2023-12-02 17:30:00,0,0.673085,-0.673085
Everton,2024-05-19 15:00:00,1,0.664904,0.33509599999999995
Brighton,2023-12-17 14:00:00,0,0.663054,-0.663054
West Ham,2023-10-22 15:30:00,1,0.659622,0.34037799999999996
Sheffield United,2024-02-25 13:30:00,0,0.654342,-0.654342
Manchester United,2023-12-30 17:30:00,1,0.651905,0.34809500000000004
Fulham,2023-11-12 14:00:00,1,0.648745,0.351255
Brentford,2023-12-09 15:00:00,0,0.644638,-0.644638
Bournemouth,2023-09-30 14:00:00,0,0.644443,-0.644443
Bournemouth,2023-11-04 15:00:00,1,0.643127,0.356873
Nottingham Forest,2023-10-29 14:00:00,0,0.642014,-0.642014
Luton,2024-05-11 14:00:00,1,0.640456,0.359544
Brentford,2023-09-16 16:30:00,0,0.633678,-0.633678
Nottingham Forest,2024-01-30 19:30:00,1,0.631618,0.368382
Burnley,2023-08-27 13:00:00,1,0.630605,0.36939500000000003
West Ham,2023-10-29 13:00:00,0,0.618578,-0.618578
Sheffield United,2023-12-02 15:00:00,0,0.618131,-0.618131
Bournemouth,2024-04-06 14:00:00,1,0.616108,0.383892
Aston Villa,2023-09-03 13:00:00,0,0.615503,-0.615503
Aston Villa,2024-05-19 15:00:00,0,0.598846,-0.598846
Sheffield United,2024-02-18 14:00:00,0,0.586214,-0.586214
Sheffield United,2023-09-24 15:30:00,0,0.579392,-0.579392
Brighton,2024-04-25 19:00:00,0,0.572021,-0.572021
Newcastle United,2024-03-11 20:00:00,2,0.568435,1.431565
Crystal Palace,2023-10-27 19:00:00,1,0.561834,0.43816600000000006
Wolverhampton Wanderers,2023-12-17 14:00:00,0,0.556206,-0.556206
Manchester United,2024-05-12 15:30:00,0,0.551669,-0.551669
Newcastle United,2024-04-24 19:00:00,0,0.55129,-0.55129
Sheffield United,2023-08-18 18:45:00,1,0.551038,0.44896199999999997
Liverpool,2024-02-04 16:30:00,1,0.542052,0.457948
Wolverhampton Wanderers,2023-09-16 11:30:00,1,0.538833,0.461167
Arsenal,2023-11-04 17:30:00,0,0.535473,-0.535473
Luton,2023-12-05 20:15:00,3,0.526254,2.4737460000000002
West Ham,2024-02-17 15:00:00,0,0.520016,-0.520016
Everton,2023-12-30 15:00:00,0,0.519641,-0.519641
Wolverhampton Wanderers,2024-03-02 15:00:00,0,0.507769,-0.507769
Brentford,2024-02-20 18:30:00,0,0.503799,-0.503799
Luton,2024-04-20 14:00:00,1,0.497799,0.502201
Wolverhampton Wanderers,2024-04-24 18:45:00,0,0.484454,-0.484454
Bournemouth,2023-08-26 11:30:00,0,0.483582,-0.483582
Chelsea,2024-01-31 20:15:00,1,0.477972,0.5220279999999999
Fulham,2023-12-16 15:00:00,0,0.471042,-0.471042
Bournemouth,2024-05-04 11:30:00,0,0.4687,-0.4687
Luton,2023-08-25 19:00:00,0,0.465741,-0.465741
Sheffield United,2024-05-11 14:00:00,0,0.465523,-0.465523
Luton,2023-10-29 14:00:00,1,0.453117,0.546883
Sheffield United,2023-12-16 15:00:00,0,0.44014,-0.44014
Brighton,2024-03-31 14:00:00,1,0.43922,0.5607800000000001
Tottenham,2023-11-11 12:30:00,1,0.432315,0.567685
Brighton,2024-04-06 16:30:00,0,0.428514,-0.428514
Sheffield United,2023-08-12 14:00:00,0,0.422704,-0.422704
Manchester United,2023-12-02 20:00:00,0,0.422674,-0.422674
Luton,2023-11-11 15:00:00,0,0.408265,-0.408265
Luton,2024-03-30 15:00:00,1,0.402402,0.5975980000000001
Fulham,2023-08-19 14:00:00,0,0.399899,-0.399899
Wolverhampton Wanderers,2024-05-04 16:30:00,1,0.396887,0.603113
Burnley,2024-04-06 14:00:00,0,0.34699,-0.34699
Manchester United,2024-05-06 19:00:00,0,0.341417,-0.341417
Burnley,2024-02-17 15:00:00,0,0.335143,-0.335143
Burnley,2023-11-11 15:00:00,1,0.327706,0.672294
Fulham,2023-12-26 15:00:00,0,0.324365,-0.324365
Burnley,2023-08-11 19:00:00,0,0.311032,-0.311032
Newcastle United,2023-11-11 17:30:00,0,0.306141,-0.306141
Luton,2024-04-03 18:30:00,0,0.292082,-0.292082
Crystal Palace,2024-01-20 12:30:00,0,0.288083,-0.288083
Everton,2023-09-17 15:30:00,0,0.28317,-0.28317
Crystal Palace,2024-03-02 15:00:00,1,0.277887,0.722113
Sheffield United,2023-12-30 15:00:00,0,0.263211,-0.263211
Newcastle United,2023-08-19 19:00:00,0,0.257154,-0.257154
Sheffield United,2023-10-07 14:00:00,1,0.251809,0.748191
Crystal Palace,2024-02-03 15:00:00,1,0.241137,0.7588630000000001
West Ham,2024-05-19 15:00:00,1,0.240159,0.759841
Luton,2023-12-02 15:00:00,1,0.227176,0.772824
Nottingham Forest,2023-12-06 19:30:00,0,0.218659,-0.218659
Newcastle United,2024-02-24 20:00:00,1,0.217373,0.782627
Sheffield United,2024-03-04 20:00:00,0,0.201374,-0.201374
Everton,2024-02-10 12:30:00,0,0.192072,-0.192072
West Ham,2024-02-11 14:00:00,0,0.191065,-0.191065
Crystal Palace,2024-04-02 18:45:00,0,0.174389,-0.174389
Wolverhampton Wanderers,2024-04-20 18:30:00,0,0.164516,-0.164516
Manchester United,2024-03-03 15:30:00,1,0.153764,0.846236
Everton,2023-10-21 11:30:00,0,0.0937725,-0.0937725
Fulham,2024-05-11 11:30:00,0,0.0886245,-0.0886245
Burnley,2024-02-24 15:00:00,0,0.0760216,-0.0760216
Aston Villa,2024-05-05 13:00:00,0,0.0644055,-0.0644055
Sheffield United,2023-10-28 14:00:00,0,0.0281554,-0.0281554
